{
  "ch_host": "localhost",
  "ch_port": 8123,
  "ch_database": "default",
  "num_layers": 32,
  "chunk_size": 32,
  "use_pivot": true,
  "pivot_width": 32,
  "subquery_width": 0,
  "warmup_steps": 2,
  "measured_steps": 49,
  "max_memory_usage": 17179869184,
  "max_threads": 4,
  "results": [
    {
      "prompt_length": 25,
      "prefill_latency_s": 543.7381528629921,
      "prefill_throughput_tok_per_s": 0.04597801325576532,
      "decode_latencies_s": [
        22.276004749990534,
        22.08914261299651,
        22.315515533962753,
        22.267657588003203,
        22.408136150042992,
        22.49305504700169,
        22.490774834994227,
        22.43869519897271,
        22.221592988003977,
        22.666498465987388,
        22.806084226001985,
        22.491249026963487,
        22.43126973195467,
        22.547789962030947,
        22.251802570011932,
        22.629665117012337,
        22.485214219952468,
        22.615569166024216,
        22.514302470954135,
        22.51735679403646,
        22.787302201031707,
        22.859234912961256,
        22.406705424014945,
        22.378678515960928,
        22.68808454601094,
        22.591099108976778,
        22.714906292036176,
        22.492421629023738,
        22.657677124021575,
        22.646995518996846,
        22.495408310031053,
        22.480712191958446,
        22.377522856986616,
        23.1480908030062,
        22.678105707047507,
        22.601298306020908,
        22.62955954298377,
        22.4870340199559,
        22.667473428009544,
        22.996636749012396,
        22.522406229982153,
        22.78738069202518,
        22.697816334024537,
        22.77905669301981,
        22.373485991032794,
        22.706265391025227,
        22.731142693024594,
        22.85653115605237,
        22.79711549199419
      ],
      "decode_latency_mean_s": 22.57129641459442,
      "decode_latency_std_s": 0.20387386351136944,
      "decode_throughput_tok_per_s": 0.04430405687080552,
      "pivot_setup_time_s": 14.81489097198937,
      "warmup_steps": 2,
      "measured_steps": 49,
      "peak_rss_mb": 54.921875,
      "num_layers": 32
    }
  ]
}