{
  "db_path": "weights.duckdb",
  "db_size_gb": 34.7102165222168,
  "num_layers": 32,
  "chunk_size": 32,
  "use_pivot": true,
  "pivot_width": 32,
  "subquery_width": 4,
  "warmup_steps": 2,
  "measured_steps": 49,
  "memory_limit": "16GB",
  "threads": 4,
  "temp_directory": "./duckdb_tmp",
  "results": [
    {
      "prompt_length": 25,
      "prefill_latency_s": 153.0915902129491,
      "prefill_throughput_tok_per_s": 0.16330093616001515,
      "decode_latencies_s": [
        14.706253868003841,
        14.788388793997001,
        14.592087884026114,
        14.608747616002802,
        14.913318059989251,
        14.67859597102506,
        14.892458801041357,
        14.890838807972614,
        14.83779203199083,
        14.712644202983938,
        14.772254423995037,
        14.941796266008168,
        14.900090287032072,
        14.809175524977036,
        14.917719597986434,
        14.85973061498953,
        14.926937188021839,
        14.900660968967713,
        14.772283461992629,
        15.019213915977161,
        14.942928999022115,
        14.928602636966389,
        15.147308868996333,
        14.89864981296705,
        14.935570325993467,
        14.851804175006691,
        15.115135280997492,
        15.051195867999922,
        15.022128337004688,
        15.062082788033877,
        14.871592617011629,
        14.902481253026053,
        15.161687768006232,
        15.039664481999353,
        15.04294877796201,
        15.254668509005569,
        15.096226040041074,
        15.083228865056299,
        15.176114422967657,
        14.964691736036912,
        14.835989374027122,
        15.101271125022322,
        15.09444801195059,
        15.02433603501413,
        15.126860910037067,
        15.132357602007687,
        15.201710137014743,
        15.049750922014937,
        15.142496165994089
      ],
      "decode_latency_mean_s": 14.953039186411509,
      "decode_latency_std_s": 0.15521263418317247,
      "decode_throughput_tok_per_s": 0.06687603687340996,
      "pivot_setup_time_s": 109.78888059401652,
      "warmup_steps": 2,
      "measured_steps": 49,
      "peak_rss_mb": 19625.09765625,
      "num_layers": 32
    }
  ]
}