{
  "system": "deepspeed_bf16",
  "run_type": "cold",
  "model_id": "meta-llama/Meta-Llama-3-8B",
  "threads": 4,
  "prefill_warmup": 2,
  "prefill_measured": 3,
  "decode_warmup": 2,
  "decode_measured": 49,
  "results": [
    {
      "prompt_length": 25,
      "prefill_latencies_s": [
        4.3505775379016995,
        4.328027884941548,
        4.392251844052225
      ],
      "prefill_latency_mean_s": 4.356952422298491,
      "prefill_latency_std_s": 0.026603992109792182,
      "prefill_throughput_tok_per_s": 5.7379557031773505,
      "decode_latencies_s": [
        0.5324830269673839,
        0.5324153400724754,
        0.5322827460477129,
        0.6188344530528411,
        0.5358904210152104,
        0.5334645379334688,
        0.5333300019847229,
        0.5332441449863836,
        0.5331414559623227,
        0.5335345440544188,
        0.5332545340061188,
        0.5334325269795954,
        0.533346391050145,
        0.5334466320928186,
        0.5334610390709713,
        0.5335820639738813,
        0.5338188309688121,
        0.6496109780855477,
        0.5951475810725242,
        0.5336604729527608,
        0.5337828480405733,
        0.687580208061263,
        0.5387694810051471,
        0.5488770130323246,
        0.5494566820561886,
        0.549084346042946,
        0.5343921469757333,
        0.5828135140473023,
        0.5386395470704883,
        0.5455479559022933,
        0.5524200880900025,
        0.5345840000081807,
        0.5756092669907957,
        0.5359815070405602,
        0.5345863910624757,
        0.5344220360275358,
        0.5344966020202264,
        0.5345043509732932,
        0.5346192190190777,
        0.534701913013123,
        0.5345989669440314,
        0.5357316409936175,
        0.5360160870477557,
        0.5346501270541921,
        0.5346091099781916,
        0.5348652619868517,
        0.5346878319978714,
        0.5347296789987013,
        0.5350204799324274
      ],
      "decode_latency_mean_s": 0.5461461229335365,
      "decode_latency_std_s": 0.030643370681209984,
      "decode_throughput_tok_per_s": 1.831011808027969,
      "warmup_runs": 2,
      "measured_runs": 3,
      "warmup_steps": 2,
      "measured_steps": 49,
      "peak_rss_mb": 14848.328125
    }
  ]
}