{
  "system": "deepspeed_bf16",
  "run_type": "warm",
  "model_id": "meta-llama/Meta-Llama-3-8B",
  "threads": 4,
  "prefill_warmup": 2,
  "prefill_measured": 3,
  "decode_warmup": 2,
  "decode_measured": 49,
  "results": [
    {
      "prompt_length": 25,
      "prefill_latencies_s": [
        4.474509460967965,
        4.493803162011318,
        4.482613513013348
      ],
      "prefill_latency_mean_s": 4.483642045330877,
      "prefill_latency_std_s": 0.007910125748419618,
      "prefill_throughput_tok_per_s": 5.57582424003589,
      "decode_latencies_s": [
        0.5328371250070632,
        0.5328157169278711,
        0.5333727860124782,
        0.5327001611003652,
        0.5332627480383962,
        0.5334667179267853,
        0.5337740980321541,
        0.5350613569607958,
        0.5334619160275906,
        0.5337060739984736,
        0.5337347199674696,
        0.5340866449987516,
        0.5339763609226793,
        0.5341635450022295,
        0.5337597909383476,
        0.5339429010637105,
        0.5358122419565916,
        0.5344948479905725,
        0.5342132949735969,
        0.5340530930552632,
        0.5344892459688708,
        0.5343205910176039,
        0.5341292370576411,
        0.534221948008053,
        0.5345068250317127,
        0.5345520209521055,
        0.5348139910493046,
        0.5345186310587451,
        0.534795813029632,
        0.5345459919190034,
        0.5346322450786829,
        0.534642574028112,
        0.5347801719326526,
        0.5349093610420823,
        0.5346996369771659,
        0.5365764279849827,
        0.5356452889973298,
        0.534974665963091,
        0.5347972071031108,
        0.5351755520096049,
        0.5348991610808298,
        0.5353054129518569,
        0.5350403160555288,
        0.5351680279709399,
        0.5352159040048718,
        0.5353390979580581,
        0.535236706957221,
        0.5355068129720166,
        0.5353096280014142
      ],
      "decode_latency_mean_s": 0.5344784619400695,
      "decode_latency_std_s": 0.0008001779808712336,
      "decode_throughput_tok_per_s": 1.870982782674092,
      "warmup_runs": 2,
      "measured_runs": 3,
      "warmup_steps": 2,
      "measured_steps": 49,
      "peak_rss_mb": 14848.03125
    }
  ]
}