{
  "system": "deepspeed_bf16",
  "run_type": "warm",
  "model_id": "meta-llama/Meta-Llama-3-8B",
  "threads": 4,
  "prefill_warmup": 2,
  "prefill_measured": 3,
  "decode_warmup": 2,
  "decode_measured": 49,
  "results": [
    {
      "prompt_length": 25,
      "prefill_latencies_s": [
        4.538754512963351,
        4.56526910001412,
        4.573265965038445
      ],
      "prefill_latency_mean_s": 4.559096526005305,
      "prefill_latency_std_s": 0.01474981544525447,
      "prefill_throughput_tok_per_s": 5.4835425960820965,
      "decode_latencies_s": [
        0.5389347720192745,
        0.5397290650289506,
        0.5395799839752726,
        0.5405970430001616,
        0.5389395849779248,
        0.5406845039688051,
        0.5409547199960798,
        0.5414939580368809,
        0.5391542189754546,
        0.5654670009971596,
        0.5437498349929228,
        0.5399119410431013,
        0.5415840260102414,
        0.5402189969900064,
        0.540700338955503,
        0.5378262149752118,
        0.5380268910084851,
        0.5376196690485813,
        0.5381520729861222,
        0.5364323699614033,
        0.5369598519755527,
        0.5369566640001722,
        0.5524560880148783,
        0.554812127025798,
        0.5403399670030922,
        0.5441001889994368,
        0.5435735959908925,
        0.5440829879953526,
        0.542502828000579,
        0.5423594660242088,
        0.5397073969943449,
        0.5425513269728981,
        0.5407904169987887,
        0.5438571849954315,
        0.5434160320437513,
        0.5559187309700064,
        0.5437891089823097,
        0.5487789880135097,
        0.5432472549728118,
        0.5465845880098641,
        0.5470374879660085,
        0.5452287419466302,
        0.5456733739702031,
        0.5457470690016635,
        0.5531431749695912,
        0.5444100040476769,
        0.5450589010142721,
        0.5470666240435094,
        0.5552928880206309
      ],
      "decode_latency_mean_s": 0.543575515630845,
      "decode_latency_std_s": 0.005721973953670341,
      "decode_throughput_tok_per_s": 1.8396707931913614,
      "warmup_runs": 2,
      "measured_runs": 3,
      "warmup_steps": 2,
      "measured_steps": 49,
      "peak_rss_mb": 14848.5546875
    }
  ]
}