{
  "system": "deepspeed_bf16",
  "run_type": "cold",
  "model_id": "meta-llama/Meta-Llama-3-8B",
  "threads": 4,
  "prefill_warmup": 2,
  "prefill_measured": 3,
  "decode_warmup": 2,
  "decode_measured": 49,
  "results": [
    {
      "prompt_length": 25,
      "prefill_latencies_s": [
        4.393030591018032,
        4.410244132974185,
        4.498686816019472
      ],
      "prefill_latency_mean_s": 4.433987180003896,
      "prefill_latency_std_s": 0.04628612954280517,
      "prefill_throughput_tok_per_s": 5.6382661891183075,
      "decode_latencies_s": [
        0.5446573120425455,
        0.5943879449623637,
        0.5419744129758328,
        0.5954934330075048,
        0.54244709800696,
        0.53944041300565,
        0.5401268500136212,
        0.5370519140269607,
        0.5439573019975796,
        0.5542821299750358,
        0.5407764830160886,
        0.5375694659887813,
        0.5377066310029477,
        0.5376878340030089,
        0.5441513890400529,
        0.5409342600032687,
        0.5360438100178726,
        0.6669330740114674,
        0.5961156000266783,
        0.5373278280021623,
        0.5394776040338911,
        0.6614136600401253,
        0.5410965270129964,
        0.5413517620181665,
        0.5400439249933697,
        0.5394057960365899,
        0.5438366180169396,
        0.5779181980178691,
        0.5486042459961027,
        0.5408838810399175,
        0.5404276209883392,
        0.5382816519704647,
        0.5696176989586093,
        0.5433288140338846,
        0.5518689599703066,
        0.5407732699532062,
        0.5408139519859105,
        0.5421962140244432,
        0.5395181500352919,
        0.5436278819688596,
        0.542783587006852,
        0.5454879410099238,
        0.5469622749951668,
        0.5399401969625615,
        0.5421901359804906,
        0.5431187190115452,
        0.5439186840085313,
        0.5529485429869965,
        0.5410433929646388
      ],
      "decode_latency_mean_s": 0.5516723487989463,
      "decode_latency_std_s": 0.027311451085315193,
      "decode_throughput_tok_per_s": 1.812670151362696,
      "warmup_runs": 2,
      "measured_runs": 3,
      "warmup_steps": 2,
      "measured_steps": 49,
      "peak_rss_mb": 14844.84375
    }
  ]
}